{
  "hash": "b3b868c5",
  "configHash": "1a7fc8b5",
  "lockfileHash": "24c32a9a",
  "browserHash": "5bfcda28",
  "optimized": {
    "@angular/common": {
      "src": "../../../../../node_modules/@angular/common/fesm2022/common.mjs",
      "file": "@angular_common.js",
      "fileHash": "c7d30727",
      "needsInterop": false
    },
    "@angular/common/http": {
      "src": "../../../../../node_modules/@angular/common/fesm2022/http.mjs",
      "file": "@angular_common_http.js",
      "fileHash": "c6f00420",
      "needsInterop": false
    },
    "@angular/core": {
      "src": "../../../../../node_modules/@angular/core/fesm2022/core.mjs",
      "file": "@angular_core.js",
      "fileHash": "9fbb3c6c",
      "needsInterop": false
    },
    "@angular/platform-browser": {
      "src": "../../../../../node_modules/@angular/platform-browser/fesm2022/platform-browser.mjs",
      "file": "@angular_platform-browser.js",
      "fileHash": "c2be41fc",
      "needsInterop": false
    },
    "@angular/router": {
      "src": "../../../../../node_modules/@angular/router/fesm2022/router.mjs",
      "file": "@angular_router.js",
      "fileHash": "0907d748",
      "needsInterop": false
    },
    "ag-charts-enterprise": {
      "src": "../../../../../node_modules/ag-charts-enterprise/dist/package/main.esm.mjs",
      "file": "ag-charts-enterprise.js",
      "fileHash": "59c76c44",
      "needsInterop": false
    },
    "ag-grid-angular": {
      "src": "../../../../../node_modules/ag-grid-angular/fesm2022/ag-grid-angular.mjs",
      "file": "ag-grid-angular.js",
      "fileHash": "b061bff9",
      "needsInterop": false
    },
    "ag-grid-community": {
      "src": "../../../../../node_modules/ag-grid-community/dist/package/main.esm.mjs",
      "file": "ag-grid-community.js",
      "fileHash": "c9e5813e",
      "needsInterop": false
    },
    "ag-grid-enterprise": {
      "src": "../../../../../node_modules/ag-grid-enterprise/dist/package/main.esm.mjs",
      "file": "ag-grid-enterprise.js",
      "fileHash": "4f47d0fa",
      "needsInterop": false
    }
  },
  "chunks": {
    "chunk-PJTY7H7X": {
      "file": "chunk-PJTY7H7X.js"
    },
    "chunk-QGE5N5EY": {
      "file": "chunk-QGE5N5EY.js"
    },
    "chunk-KLLDU42U": {
      "file": "chunk-KLLDU42U.js"
    },
    "chunk-KZLVBY5W": {
      "file": "chunk-KZLVBY5W.js"
    },
    "chunk-LYTIOZZ3": {
      "file": "chunk-LYTIOZZ3.js"
    },
    "chunk-MIUHXCS2": {
      "file": "chunk-MIUHXCS2.js"
    }
  }
}