{
  "hash": "5d7d16ee",
  "configHash": "52e653bd",
  "lockfileHash": "8c801161",
  "browserHash": "70857f64",
  "optimized": {
    "@angular/common": {
      "src": "../../../../../node_modules/@angular/common/fesm2022/common.mjs",
      "file": "@angular_common.js",
      "fileHash": "bfd325fa",
      "needsInterop": false
    },
    "@angular/common/http": {
      "src": "../../../../../node_modules/@angular/common/fesm2022/http.mjs",
      "file": "@angular_common_http.js",
      "fileHash": "f7767f45",
      "needsInterop": false
    },
    "@angular/core": {
      "src": "../../../../../node_modules/@angular/core/fesm2022/core.mjs",
      "file": "@angular_core.js",
      "fileHash": "b68d6ea1",
      "needsInterop": false
    },
    "@angular/forms": {
      "src": "../../../../../node_modules/@angular/forms/fesm2022/forms.mjs",
      "file": "@angular_forms.js",
      "fileHash": "85bf8a39",
      "needsInterop": false
    },
    "@angular/platform-browser": {
      "src": "../../../../../node_modules/@angular/platform-browser/fesm2022/platform-browser.mjs",
      "file": "@angular_platform-browser.js",
      "fileHash": "65e74998",
      "needsInterop": false
    },
    "@angular/router": {
      "src": "../../../../../node_modules/@angular/router/fesm2022/router.mjs",
      "file": "@angular_router.js",
      "fileHash": "9b070322",
      "needsInterop": false
    }
  },
  "chunks": {
    "chunk-R26H5HUO": {
      "file": "chunk-R26H5HUO.js"
    },
    "chunk-6SK233TD": {
      "file": "chunk-6SK233TD.js"
    },
    "chunk-S6TCDYAA": {
      "file": "chunk-S6TCDYAA.js"
    },
    "chunk-7J7SLNDZ": {
      "file": "chunk-7J7SLNDZ.js"
    }
  }
}