{
  "hash": "6b4a5fe2",
  "configHash": "429499d8",
  "lockfileHash": "cb30ace7",
  "browserHash": "d71464de",
  "optimized": {
    "@angular/common": {
      "src": "../../../../../node_modules/@angular/common/fesm2022/common.mjs",
      "file": "@angular_common.js",
      "fileHash": "1d640498",
      "needsInterop": false
    },
    "@angular/core": {
      "src": "../../../../../node_modules/@angular/core/fesm2022/core.mjs",
      "file": "@angular_core.js",
      "fileHash": "b95812ab",
      "needsInterop": false
    },
    "@angular/platform-browser": {
      "src": "../../../../../node_modules/@angular/platform-browser/fesm2022/platform-browser.mjs",
      "file": "@angular_platform-browser.js",
      "fileHash": "0f20b51b",
      "needsInterop": false
    },
    "@angular/router": {
      "src": "../../../../../node_modules/@angular/router/fesm2022/router.mjs",
      "file": "@angular_router.js",
      "fileHash": "7bfa6f3c",
      "needsInterop": false
    },
    "ag-grid-angular": {
      "src": "../../../../../node_modules/ag-grid-angular/fesm2022/ag-grid-angular.mjs",
      "file": "ag-grid-angular.js",
      "fileHash": "f9b4ab17",
      "needsInterop": false
    },
    "ag-grid-community": {
      "src": "../../../../../node_modules/ag-grid-community/dist/package/main.esm.mjs",
      "file": "ag-grid-community.js",
      "fileHash": "d6a48c2f",
      "needsInterop": false
    },
    "ag-grid-enterprise": {
      "src": "../../../../../node_modules/ag-grid-enterprise/dist/package/main.esm.mjs",
      "file": "ag-grid-enterprise.js",
      "fileHash": "18b54642",
      "needsInterop": false
    }
  },
  "chunks": {
    "chunk-QS65NJML": {
      "file": "chunk-QS65NJML.js"
    },
    "chunk-GOO2DYJZ": {
      "file": "chunk-GOO2DYJZ.js"
    },
    "chunk-5IBRQRAP": {
      "file": "chunk-5IBRQRAP.js"
    },
    "chunk-RJVXW2FI": {
      "file": "chunk-RJVXW2FI.js"
    },
    "chunk-WDMUDEB6": {
      "file": "chunk-WDMUDEB6.js"
    }
  }
}